Designator,Val,Package,Mid X,Mid Y,Rotation,Layer
C1,0.1uF,C_0402_1005Metric,148.65,-85.75,0,top
C2,1uF,C_0402_1005Metric,144.25,-96.38,-90,top
C3,0.1uF,C_0402_1005Metric,138.3,-91.2,180,top
C4,0.1uF,C_0402_1005Metric,138.35,-86.1,180,top
C5,0.1uF,C_0402_1005Metric,147.15,-85.5,90,top
C6,0.1uF,C_0402_1005Metric,148.55,-86.75,0,top
C7,0.1uF,C_0402_1005Metric,144.37,-81.6,0,top
C8,0.1uF,C_0402_1005Metric,144.35,-82.65,0,top
C9,0.1uF,C_0402_1005Metric,149.15,-91.2,0,top
C10,1uF,C_0402_1005Metric,145.2,-96.38,-90,top
C11,0.1uF,C_0402_1005Metric,142.9,-82.22,90,top
C12,0.1uF,C_0402_1005Metric,146.15,-85,90,top
C13,10uF,C_0603_1608Metric,139.9,-69.4,180,top
C14,10uF,C_0603_1608Metric,141.5,-75.25,180,top
C15,33pF,C_0402_1005Metric,144.25,-99.03,90,top
C16,33pF,C_0402_1005Metric,139.05,-98.25,-90,top
C17,0.1uF,C_0402_1005Metric,140.6,-80.55,0,top
J1,USB_C_Receptacle_USB2.0_14P,USB_C_Receptacle_HRO_TYPE-C-31-M-12,143.7,-63.2,180,top
J2,Conn_01x20,PinHeader_1x20_P2.54mm_Vertical,134.81,-62.07,0,top
J3,Conn_01x20,PinHeader_1x20_P2.54mm_Vertical,152.59,-62.07,0,top
J4,Conn_01x03,PinHeader_1x03_P2.54mm_Vertical,141.16,-110.09,90,top
R1,5.1K,C_0402_1005Metric,146.4,-69.5,-90,top
R2,5.1K,C_0402_1005Metric,141.95,-69.4,-90,top
R3,27,C_0402_1005Metric,144.144363,-84.845652,-90,top
R4,27,C_0402_1005Metric,145.1,-84.88,-90,top
R5,1K,C_0402_1005Metric,142.85,-95.95,180,top
R6,1K,C_0402_1005Metric,148.17,-81.3,180,top
R7,10K,C_0402_1005Metric,139,-81,-90,top
SW1,SW_Push,SW_Push_SPST_NO_Alps_SKRK,148.3,-77.65,-90,top
U1,RP2040,QFN-56-1EP_7x7mm_P0.4mm_EP3.2x3.2mm,143.7,-90.2,0,top
U2,MCP1700x-330xxTT,SOT-23,141.5,-72.2875,90,top
U3,W25Q16JVZPIQ TR,Winbond_USON-8-1EP_3x2mm_P0.5mm_EP0.2x1.6mm,140,-83.25,0,top
Y1,12 MHz,Crystal_SMD_3225-4Pin_3.2x2.5mm,141.65,-98.2,180,top
